"","diff","lwr","upr","p adj"
"D28-D21",3.75,-15.1476737498411,22.6476737498411,0.644501451803557
