"","diff","lwr","upr","p adj"
"D21-D14",-5.33333333333333,-14.2450296002575,3.57836293359081,0.291931030926807
"D28-D14",2.66666666666667,-6.24502960025748,11.5783629335908,0.719068605316929
"D28-D21",8,-0.496968997231778,16.4969689972318,0.0662053141862332
